EPC,Frequency,Phase,RSSI,Timestamp
b'2023081808726A041A901338',902998,160,-93,1714097347.582
b'2023081808726A041A901338',902998,158,-94,1714097347.59
b'2023081808726A041A901338',902998,160,-92,1714097347.598
b'2023081808726A041A901338',902999,151,-91,1714097347.634
b'2023081808726A041A901338',902998,152,-91,1714097347.671
b'2023081808726A041A901338',902999,144,-90,1714097347.706
b'2023081808726A041A901338',902998,141,-92,1714097347.743
b'2023081808726A041A901338',902999,140,-92,1714097347.779
b'2023081808726A041A901338',902998,135,-92,1714097347.816
b'2023081808726A041A901338',902999,130,-92,1714097347.852
b'2023081808726A041A901338',902998,128,-91,1714097347.874
b'2023081808726A041A901338',902999,123,-92,1714097347.909
b'2023081808726A041A901338',902998,121,-91,1714097347.947
b'2023081808726A041A901338',902999,123,-92,1714097347.984
b'2023081808726A041A901338',902998,113,-91,1714097348.02
b'2023081808726A041A901338',902999,118,-91,1714097348.057
b'2023081808726A041A901338',902998,115,-92,1714097348.092
b'2023081808726A041A901338',902999,113,-92,1714097348.129
b'2023081808726A041A901338',902998,109,-91,1714097348.167
b'2023081808726A041A901338',902999,105,-91,1714097348.203
b'2023081808726A041A901338',902998,110,-91,1714097348.239
b'2023081808726A041A901338',902999,107,-91,1714097348.274
b'2023081808726A041A901338',902998,106,-91,1714097348.31
b'2023081808726A041A901338',902999,109,-90,1714097348.347
b'2023081808726A041A901338',902998,102,-93,1714097348.386
b'2023081808726A041A901338',902999,103,-90,1714097348.422
b'2023081808726A041A901338',902998,102,-92,1714097348.459
b'2023081808726A041A901338',902999,103,-90,1714097348.495
b'2023081808726A041A901338',902998,98,-92,1714097348.532
b'2023081808726A041A901338',902999,99,-90,1714097348.567
b'2023081808726A041A901338',902998,102,-93,1714097348.604
b'2023081808726A041A901338',902999,96,-91,1714097348.652
b'2023081808726A041A901338',902998,98,-90,1714097348.689
b'2023081808726A041A901338',902999,101,-91,1714097348.726
b'2023081808726A041A901338',902998,99,-91,1714097348.761
b'2023081808726A041A901338',902999,103,-90,1714097348.797
b'2023081808726A041A901338',902998,101,-91,1714097348.833
b'2023081808726A041A901338',902999,99,-91,1714097348.87
b'2023081808726A041A901338',902998,101,-92,1714097348.895
b'2023081808726A041A901338',902999,101,-91,1714097348.931
b'2023081808726A041A901338',902998,103,-92,1714097348.965
b'2023081808726A041A901338',902999,107,-92,1714097349.003
b'2023081808726A041A901338',902998,106,-92,1714097349.039
b'2023081808726A041A901338',902999,102,-92,1714097349.075
b'2023081808726A041A901338',902998,106,-93,1714097349.111
b'2023081808726A041A901338',902999,108,-91,1714097349.15
b'2023081808726A041A901338',902998,107,-90,1714097349.185
b'2023081808726A041A901338',902999,108,-90,1714097349.22
b'2023081808726A041A901338',902998,108,-90,1714097349.258
b'2023081808726A041A901338',902999,110,-92,1714097349.293
b'2023081808726A041A901338',902998,105,-91,1714097349.331
b'2023081808726A041A901338',902999,110,-92,1714097349.365
b'2023081808726A041A901338',902998,106,-92,1714097349.388
b'2023081808726A041A901338',902999,110,-90,1714097349.425
b'2023081808726A041A901338',902998,107,-92,1714097349.461
b'2023081808726A041A901338',902999,108,-90,1714097349.498
b'2023081808726A041A901338',902998,110,-92,1714097349.534
b'2023081808726A041A901338',902999,113,-90,1714097349.571
b'2023081808726A041A901338',902998,111,-92,1714097349.607
b'2023081808726A041A901338',902999,112,-92,1714097349.644
b'2023081808726A041A901338',902998,115,-92,1714097349.681
b'2023081808726A041A901338',902999,113,-92,1714097349.716
b'2023081808726A041A901338',902998,116,-91,1714097349.752
b'2023081808726A041A901338',902999,118,-92,1714097349.788
b'2023081808726A041A901338',902998,113,-92,1714097349.826
b'2023081808726A041A901338',902999,118,-92,1714097349.86
b'2023081808726A041A901338',902998,119,-91,1714097349.9
b'2023081808726A041A901338',902999,125,-90,1714097349.935
b'2023081808726A041A901338',902998,124,-91,1714097349.971
b'2023081808726A041A901338',902999,118,-91,1714097350.007
b'2023081808726A041A901338',902998,123,-91,1714097350.043
b'2023081808726A041A901338',902999,123,-91,1714097350.08
b'2023081808726A041A901338',902998,121,-91,1714097350.117
b'2023081808726A041A901338',902999,128,-90,1714097350.157
b'2023081808726A041A901338',902998,134,-91,1714097350.193
b'2023081808726A041A901338',902999,131,-91,1714097350.228
b'2023081808726A041A901338',902998,133,-92,1714097350.265
b'2023081808726A041A901338',902999,133,-91,1714097350.3
b'2023081808726A041A901338',902998,137,-91,1714097350.338
b'2023081808726A041A901338',902999,142,-92,1714097350.374
b'2023081808726A041A901338',902998,148,-94,1714097350.41
b'2023081808726A041A901338',902999,152,-92,1714097350.447
b'2023081808726A041A901338',902998,159,-92,1714097350.484
b'2023081808726A041A901338',902999,6,-92,1714097366.049
b'2023081808726A041A901338',902998,6,-92,1714097366.123
b'2023081808726A041A901338',902999,160,-94,1714097366.16
b'2023081808726A041A901338',902998,0,-93,1714097366.196
b'2023081808726A041A901338',902999,156,-92,1714097366.232
b'2023081808726A041A901338',902998,155,-95,1714097366.267
b'2023081808726A041A901338',902999,159,-92,1714097366.304
b'2023081808726A041A901338',902998,153,-92,1714097366.342
b'2023081808726A041A901338',902999,160,-92,1714097366.362
b'2023081808726A041A901338',902998,154,-92,1714097366.399
b'2023081808726A041A901338',902999,157,-92,1714097366.434
b'2023081808726A041A901338',902998,155,-90,1714097366.47
b'2023081808726A041A901338',902999,154,-91,1714097366.507
b'2023081808726A041A901338',902998,148,-92,1714097366.542
b'2023081808726A041A901338',902999,146,-91,1714097366.58
b'2023081808726A041A901338',902998,149,-90,1714097366.601
b'2023081808726A041A901338',902999,140,-90,1714097366.639
b'2023081808726A041A901338',902998,146,-92,1714097366.674
b'2023081808726A041A901338',902999,137,-91,1714097366.71
b'2023081808726A041A901338',902998,133,-91,1714097366.748
b'2023081808726A041A901338',902999,131,-91,1714097366.783
b'2023081808726A041A901338',902998,140,-92,1714097366.82
b'2023081808726A041A901338',902999,135,-91,1714097366.857
b'2023081808726A041A901338',902998,140,-92,1714097366.892
b'2023081808726A041A901338',902999,134,-92,1714097366.929
b'2023081808726A041A901338',902998,139,-91,1714097366.965
b'2023081808726A041A901338',902999,139,-91,1714097367.003
b'2023081808726A041A901338',902998,139,-92,1714097367.037
b'2023081808726A041A901338',902999,137,-92,1714097367.075
b'2023081808726A041A901338',902998,137,-91,1714097367.113
b'2023081808726A041A901338',902999,136,-91,1714097367.15
b'2023081808726A041A901338',902998,142,-90,1714097367.186
b'2023081808726A041A901338',902999,137,-92,1714097367.223
b'2023081808726A041A901338',902998,133,-92,1714097367.259
b'2023081808726A041A901338',902999,132,-91,1714097367.295
b'2023081808726A041A901338',902998,133,-91,1714097367.33
b'2023081808726A041A901338',902999,131,-92,1714097367.367
b'2023081808726A041A901338',902998,130,-91,1714097367.406
b'2023081808726A041A901338',902999,131,-92,1714097367.442
b'2023081808726A041A901338',902998,131,-92,1714097367.478
b'2023081808726A041A901338',902999,136,-90,1714097367.513
b'2023081808726A041A901338',902998,128,-92,1714097367.55
b'2023081808726A041A901338',902999,131,-91,1714097367.585
b'2023081808726A041A901338',902998,128,-93,1714097367.625
b'2023081808726A041A901338',902999,133,-91,1714097367.661
b'2023081808726A041A901338',902998,133,-91,1714097367.698
b'2023081808726A041A901338',902999,132,-92,1714097367.732
b'2023081808726A041A901338',902998,134,-92,1714097367.77
b'2023081808726A041A901338',902999,141,-91,1714097367.806
b'2023081808726A041A901338',902998,141,-92,1714097367.841
b'2023081808726A041A901338',902999,142,-91,1714097367.88
b'2023081808726A041A901338',902998,144,-91,1714097367.917
b'2023081808726A041A901338',902999,143,-92,1714097367.953
b'2023081808726A041A901338',902998,145,-91,1714097367.989
b'2023081808726A041A901338',902999,142,-91,1714097368.023
b'2023081808726A041A901338',902998,144,-94,1714097368.061
b'2023081808726A041A901338',902999,142,-90,1714097368.095
b'2023081808726A041A901338',902998,144,-92,1714097368.137
b'2023081808726A041A901338',902999,148,-92,1714097368.172
b'2023081808726A041A901338',902998,145,-92,1714097368.208
b'2023081808726A041A901338',902999,143,-92,1714097368.245
b'2023081808726A041A901338',902998,146,-91,1714097368.281
b'2023081808726A041A901338',902999,150,-91,1714097368.315
b'2023081808726A041A901338',902998,148,-92,1714097368.352
b'2023081808726A041A901338',902999,149,-91,1714097368.39
b'2023081808726A041A901338',902998,145,-92,1714097368.426
b'2023081808726A041A901338',902999,149,-93,1714097368.463
b'2023081808726A041A901338',902998,151,-92,1714097368.498
b'2023081808726A041A901338',902999,147,-91,1714097368.534
b'2023081808726A041A901338',902998,145,-91,1714097368.571
b'2023081808726A041A901338',902999,147,-92,1714097368.607
b'2023081808726A041A901338',902998,148,-91,1714097368.63
b'2023081808726A041A901338',902999,149,-92,1714097368.666
b'2023081808726A041A901338',902998,146,-91,1714097368.702
b'2023081808726A041A901338',902999,151,-92,1714097368.74
b'2023081808726A041A901338',902998,155,-91,1714097368.776
b'2023081808726A041A901338',902999,149,-92,1714097368.813
b'2023081808726A041A901338',902998,152,-91,1714097368.849
b'2023081808726A041A901338',902999,150,-91,1714097368.884
b'2023081808726A041A901338',902998,143,-92,1714097368.922
b'2023081808726A041A901338',902999,146,-91,1714097368.957
b'2023081808726A041A901338',902998,151,-92,1714097368.994
b'2023081808726A041A901338',902999,150,-93,1714097369.029
b'2023081808726A041A901338',902998,145,-92,1714097369.065
b'2023081808726A041A901338',902999,151,-92,1714097369.101
b'2023081808726A041A901338',902998,150,-93,1714097369.143
b'2023081808726A041A901338',902999,154,-91,1714097369.179
b'2023081808726A041A901338',902998,149,-91,1714097369.216
b'2023081808726A041A901338',902999,151,-91,1714097369.252
b'2023081808726A041A901338',902998,152,-91,1714097369.288
b'2023081808726A041A901338',902999,145,-92,1714097369.325
b'2023081808726A041A901338',902998,148,-92,1714097369.362
b'2023081808726A041A901338',902999,153,-91,1714097369.397
b'2023081808726A041A901338',902998,153,-91,1714097369.433
b'2023081808726A041A901338',902999,152,-92,1714097369.47
b'2023081808726A041A901338',902998,153,-91,1714097369.506
b'2023081808726A041A901338',902999,153,-91,1714097369.541
b'2023081808726A041A901338',902998,152,-90,1714097369.578
b'2023081808726A041A901338',902999,150,-91,1714097369.614
b'2023081808726A041A901338',902998,156,-91,1714097369.653
b'2023081808726A041A901338',902999,151,-92,1714097369.69
b'2023081808726A041A901338',902998,155,-91,1714097369.726
b'2023081808726A041A901338',902999,156,-91,1714097369.761
b'2023081808726A041A901338',902998,145,-93,1714097369.799
b'2023081808726A041A901338',902999,149,-92,1714097369.836
b'2023081808726A041A901338',902998,151,-92,1714097369.871
b'2023081808726A041A901338',902999,152,-93,1714097369.921
b'2023081808726A041A901338',902998,152,-91,1714097369.959
b'2023081808726A041A901338',902999,148,-92,1714097369.996
b'2023081808726A041A901338',902998,153,-91,1714097370.032
b'2023081808726A041A901338',902999,149,-91,1714097370.067
b'2023081808726A041A901338',902998,149,-91,1714097370.105
b'2023081808726A041A901338',902999,148,-92,1714097370.141
b'2023081808726A041A901338',902998,145,-93,1714097370.163
b'2023081808726A041A901338',902999,151,-91,1714097370.199
b'2023081808726A041A901338',902998,145,-92,1714097370.235
b'2023081808726A041A901338',902999,150,-93,1714097370.271
b'2023081808726A041A901338',902998,144,-92,1714097370.306
b'2023081808726A041A901338',902999,145,-92,1714097370.343
b'2023081808726A041A901338',902998,144,-92,1714097370.378
b'2023081808726A041A901338',902999,155,-91,1714097370.433
b'2023081808726A041A901338',902998,148,-92,1714097370.468
b'2023081808726A041A901338',902999,148,-91,1714097370.506
b'2023081808726A041A901338',902998,147,-92,1714097370.541
b'2023081808726A041A901338',902999,143,-90,1714097370.579
b'2023081808726A041A901338',902998,149,-91,1714097370.613
b'2023081808726A041A901338',902999,139,-91,1714097370.649
b'2023081808726A041A901338',902998,143,-91,1714097370.674
b'2023081808726A041A901338',902999,146,-92,1714097370.709
b'2023081808726A041A901338',902998,142,-92,1714097370.745
b'2023081808726A041A901338',902999,139,-92,1714097370.78
b'2023081808726A041A901338',902998,147,-90,1714097370.818
b'2023081808726A041A901338',902999,140,-90,1714097370.853
b'2023081808726A041A901338',902998,144,-91,1714097370.891
b'2023081808726A041A901338',902999,144,-92,1714097370.926
b'2023081808726A041A901338',902998,142,-91,1714097370.963
b'2023081808726A041A901338',902999,142,-93,1714097371.001
b'2023081808726A041A901338',902998,145,-92,1714097371.036
b'2023081808726A041A901338',902999,144,-91,1714097371.073
b'2023081808726A041A901338',902998,152,-91,1714097371.108
b'2023081808726A041A901338',902999,153,-91,1714097371.146
b'2023081808726A041A901338',902998,157,-90,1714097371.168
b'2023081808726A041A901338',902999,156,-91,1714097371.205
b'2023081808726A041A901338',902998,158,-91,1714097371.239
b'2023081808726A041A901338',902999,152,-91,1714097371.277
b'2023081808726A041A901338',902998,161,-91,1714097371.313
b'2023081808726A041A901338',902999,161,-92,1714097371.349
b'2023081808726A041A901338',902998,157,-92,1714097371.386
b'2023081808726A041A901338',902998,158,-91,1714097371.456
b'2023081808726A041A901338',902999,115,-91,1714097372.565
b'2023081808726A041A901338',902998,114,-92,1714097372.601
b'2023081808726A041A901338',902999,114,-92,1714097372.638
b'2023081808726A041A901338',902999,111,-91,1714097372.765
b'2023081808726A041A901338',902998,102,-92,1714097372.8
b'2023081808726A041A901338',902999,101,-91,1714097372.838
b'2023081808726A041A901338',902998,102,-91,1714097372.873
b'2023081808726A041A901338',902999,101,-92,1714097372.909
b'2023081808726A041A901338',902999,100,-92,1714097372.956
b'2023081808726A041A901338',902998,103,-90,1714097372.987
b'2023081808726A041A901338',902999,102,-91,1714097373.025
b'2023081808726A041A901338',902998,95,-91,1714097373.06
b'2023081808726A041A901338',902999,94,-91,1714097373.098
b'2023081808726A041A901338',902998,92,-92,1714097373.134
b'2023081808726A041A901338',902999,92,-91,1714097373.17
b'2023081808726A041A901338',902999,99,-91,1714097373.21
b'2023081808726A041A901338',902998,94,-91,1714097373.244
b'2023081808726A041A901338',902999,91,-92,1714097373.28
b'2023081808726A041A901338',902998,91,-91,1714097373.316
b'2023081808726A041A901338',902999,89,-91,1714097373.351
b'2023081808726A041A901338',902998,93,-90,1714097373.387
b'2023081808726A041A901338',902999,85,-92,1714097373.424
b'2023081808726A041A901338',902999,84,-91,1714097373.468
b'2023081808726A041A901338',902998,87,-91,1714097373.499
b'2023081808726A041A901338',902999,82,-93,1714097373.536
b'2023081808726A041A901338',902998,80,-93,1714097373.571
b'2023081808726A041A901338',902999,80,-90,1714097373.607
b'2023081808726A041A901338',902998,78,-92,1714097373.644
b'2023081808726A041A901338',902999,88,-91,1714097373.723
b'2023081808726A041A901338',902999,82,-91,1714097373.789
b'2023081808726A041A901338',902998,80,-92,1714097373.826
b'2023081808726A041A901338',902999,75,-91,1714097373.863
b'2023081808726A041A901338',902998,72,-91,1714097373.898
b'2023081808726A041A901338',902999,77,-92,1714097373.934
b'2023081808726A041A901338',902999,75,-92,1714097373.977
b'2023081808726A041A901338',902998,73,-93,1714097374.009
b'2023081808726A041A901338',902999,72,-92,1714097374.046
b'2023081808726A041A901338',902998,71,-92,1714097374.083
b'2023081808726A041A901338',902999,65,-91,1714097374.118
b'2023081808726A041A901338',902998,65,-91,1714097374.155
b'2023081808726A041A901338',902999,69,-93,1714097374.19
b'2023081808726A041A901338',902999,68,-91,1714097374.232
b'2023081808726A041A901338',902998,67,-90,1714097374.265
b'2023081808726A041A901338',902999,61,-93,1714097374.302
b'2023081808726A041A901338',902998,65,-92,1714097374.338
b'2023081808726A041A901338',902999,55,-92,1714097374.374
b'2023081808726A041A901338',902998,59,-91,1714097374.411
b'2023081808726A041A901338',902999,49,-92,1714097374.445
b'2023081808726A041A901338',902999,59,-93,1714097374.49
b'2023081808726A041A901338',902998,49,-90,1714097374.521
b'2023081808726A041A901338',902999,47,-92,1714097374.557
b'2023081808726A041A901338',902998,47,-92,1714097374.593
b'2023081808726A041A901338',902999,50,-91,1714097374.63
b'2023081808726A041A901338',902998,46,-90,1714097374.665
b'2023081808726A041A901338',902999,41,-91,1714097374.702
b'2023081808726A041A901338',902999,38,-91,1714097374.745
b'2023081808726A041A901338',902998,39,-92,1714097374.776
b'2023081808726A041A901338',902999,19,-92,1714097374.814
b'2023081808726A041A901338',902998,33,-90,1714097374.85
b'2023081808726A041A901338',902999,21,-91,1714097374.884
b'2023081808726A041A901338',902998,22,-92,1714097374.921
b'2023081808726A041A901338',902999,11,-91,1714097374.958
b'2023081808726A041A901338',902999,11,-92,1714097375.0
b'2023081808726A041A901338',902998,8,-91,1714097375.031
b'2023081808726A041A901338',902999,1,-92,1714097375.067
b'2023081808726A041A901338',902998,158,-91,1714097375.105
b'2023081808726A041A901338',902999,153,-92,1714097375.14
b'2023081808726A041A901338',902998,158,-92,1714097375.177
b'2023081808726A041A901338',902999,138,-93,1714097375.213
b'2023081808726A041A901338',902999,133,-92,1714097375.255
b'2023081808726A041A901338',902998,129,-90,1714097375.288
b'2023081808726A041A901338',902999,122,-90,1714097375.324
b'2023081808726A041A901338',902998,125,-91,1714097375.36
b'2023081808726A041A901338',902999,117,-91,1714097375.395
b'2023081808726A041A901338',902998,111,-90,1714097375.433
b'2023081808726A041A901338',902999,102,-89,1714097375.469
b'2023081808726A041A901338',902999,95,-90,1714097375.512
b'2023081808726A041A901338',902998,89,-91,1714097375.544
b'2023081808726A041A901338',902999,80,-90,1714097375.579
b'2023081808726A041A901338',902998,70,-90,1714097375.616
b'2023081808726A041A901338',902999,69,-90,1714097375.653
b'2023081808726A041A901338',902998,58,-90,1714097375.689
b'2023081808726A041A901338',902999,52,-91,1714097375.726
b'2023081808726A041A901338',902999,41,-89,1714097375.768
b'2023081808726A041A901338',902998,38,-91,1714097375.798
b'2023081808726A041A901338',902999,28,-90,1714097375.834
b'2023081808726A041A901338',902998,19,-90,1714097375.87
b'2023081808726A041A901338',902999,19,-90,1714097375.908
b'2023081808726A041A901338',902998,7,-90,1714097375.943
b'2023081808726A041A901338',902999,161,-91,1714097375.981
b'2023081808726A041A901338',902999,155,-90,1714097376.017
b'2023081808726A041A901338',902999,152,-91,1714097376.021
b'2023081808726A041A901338',902998,146,-90,1714097376.059
b'2023081808726A041A901338',902999,142,-90,1714097376.095
b'2023081808726A041A901338',902998,135,-90,1714097376.132
b'2023081808726A041A901338',902999,127,-89,1714097376.169
b'2023081808726A041A901338',902998,123,-89,1714097376.204
b'2023081808726A041A901338',902999,117,-89,1714097376.241
b'2023081808726A041A901338',902998,118,-91,1714097376.285
b'2023081808726A041A901338',902999,106,-90,1714097376.322
b'2023081808726A041A901338',902998,104,-91,1714097376.358
b'2023081808726A041A901338',902999,103,-92,1714097376.393
b'2023081808726A041A901338',902998,94,-91,1714097376.431
b'2023081808726A041A901338',902999,91,-90,1714097376.467
b'2023081808726A041A901338',902998,77,-90,1714097376.503
b'2023081808726A041A901338',902999,74,-91,1714097376.538
b'2023081808726A041A901338',902998,72,-93,1714097376.576
b'2023081808726A041A901374',902998,161,-92,1714097378.864
b'2023081808726A041A901374',902999,154,-92,1714097378.9
b'2023081808726A041A901374',902998,150,-91,1714097378.936
b'2023081808726A041A901374',902999,137,-91,1714097378.972
b'2023081808726A041A901374',902998,136,-92,1714097379.009
b'2023081808726A041A901374',902999,124,-90,1714097379.044
b'2023081808726A041A901374',902998,123,-91,1714097379.076
b'2023081808726A041A901374',902999,115,-90,1714097379.11
b'2023081808726A041A901374',902998,108,-91,1714097379.148
b'2023081808726A041A901374',902999,106,-90,1714097379.183
b'2023081808726A041A901374',902998,98,-89,1714097379.22
b'2023081808726A041A901374',902999,92,-89,1714097379.256
b'2023081808726A041A901374',902998,87,-90,1714097379.292
b'2023081808726A041A901374',902999,88,-89,1714097379.313
b'2023081808726A041A901374',902998,78,-90,1714097379.35
b'2023081808726A041A901374',902999,73,-90,1714097379.386
b'2023081808726A041A901374',902998,69,-90,1714097379.422
b'2023081808726A041A901374',902999,66,-89,1714097379.458
b'2023081808726A041A901374',902998,58,-89,1714097379.494
b'2023081808726A041A901374',902999,56,-89,1714097379.529
b'2023081808726A041A901374',902998,50,-88,1714097379.569
b'2023081808726A041A901374',902999,45,-89,1714097379.607
b'2023081808726A041A901374',902998,43,-90,1714097379.643
b'2023081808726A041A901374',902999,47,-90,1714097379.678
b'2023081808726A041A901374',902998,36,-88,1714097379.714
b'2023081808726A041A901374',902999,36,-89,1714097379.752
b'2023081808726A041A901374',902998,39,-89,1714097379.788
b'2023081808726A041A901374',902999,28,-90,1714097379.824
b'2023081808726A041A901374',902998,23,-89,1714097379.86
b'2023081808726A041A901374',902999,19,-90,1714097379.898
b'2023081808726A041A901374',902998,18,-91,1714097379.934
b'2023081808726A041A901374',902999,23,-91,1714097379.97
b'2023081808726A041A901374',902998,21,-91,1714097380.006
b'2023081808726A041A901374',902999,4,-91,1714097380.041
b'2023081808726A041A901374',902998,15,-91,1714097380.079
b'2023081808726A041A9012D4',902999,33,-93,1714097381.259
b'2023081808726A041A9012D4',902998,30,-93,1714097381.286
b'2023081808726A041A9012D4',902999,15,-93,1714097381.323
b'2023081808726A041A9012D4',902998,10,-92,1714097381.359
b'2023081808726A041A9012D4',902999,4,-93,1714097381.394
b'2023081808726A041A9012D4',902998,145,-95,1714097381.439
b'2023081808726A041A9012D4',902999,140,-94,1714097381.47
b'2023081808726A041A9012D4',902998,135,-93,1714097381.508
b'2023081808726A041A9012D4',902999,123,-92,1714097381.544
b'2023081808726A041A9012D4',902998,115,-92,1714097381.579
b'2023081808726A041A9012D4',902999,106,-92,1714097381.597
b'2023081808726A041A9012D4',902998,100,-92,1714097381.633
b'2023081808726A041A9012D4',902999,86,-93,1714097381.669
b'2023081808726A041A9012D4',902998,78,-93,1714097381.705
b'2023081808726A041A9012D4',902999,64,-94,1714097381.743
b'2023081808726A041A9012D4',902998,58,-92,1714097381.778
b'2023081808726A041A9012D4',902999,55,-92,1714097381.815
b'2023081808726A041A9012D4',902998,51,-92,1714097381.855
b'2023081808726A041A9012D4',902999,26,-91,1714097381.891
b'2023081808726A041A9012D4',902998,25,-92,1714097381.927
b'2023081808726A041A9012D4',902999,22,-91,1714097381.962
b'2023081808726A041A9012D4',902998,9,-93,1714097381.999
b'2023081808726A041A9012D4',902999,160,-91,1714097382.035
b'2023081808726A041A9012D4',902998,145,-91,1714097382.072
b'2023081808726A041A9012D4',902999,147,-90,1714097382.109
b'2023081808726A041A9012D4',902998,136,-93,1714097382.145
b'2023081808726A041A9012D4',902999,127,-92,1714097382.18
b'2023081808726A041A9012D4',902998,123,-91,1714097382.216
b'2023081808726A041A9012D4',902999,118,-91,1714097382.252
b'2023081808726A041A9012D4',902998,103,-92,1714097382.288
b'2023081808726A041A9012D4',902999,101,-91,1714097382.325
b'2023081808726A041A9012D4',902998,94,-91,1714097382.364
b'2023081808726A041A9012D4',902999,77,-91,1714097382.401
b'2023081808726A041A9012D4',902998,75,-91,1714097382.438
b'2023081808726A041A9012D4',902999,68,-91,1714097382.473
b'2023081808726A041A9012D4',902998,59,-92,1714097382.51
b'2023081808726A041A9012D4',902999,58,-90,1714097382.545
b'2023081808726A041A9012D4',902998,41,-92,1714097382.581
b'2023081808726A041A9012D4',902999,34,-91,1714097382.619
b'2023081808726A041A9012D4',902998,30,-92,1714097382.654
b'2023081808726A041A9012D4',902999,17,-92,1714097382.693
b'2023081808726A041A9012D4',902998,12,-92,1714097382.729
b'2023081808726A041A9012D4',902999,2,-92,1714097382.765
b'2023081808726A041A901374',902999,117,-92,1714097382.787
b'2023081808726A041A901374',902998,119,-92,1714097382.808
b'2023081808726A041A9012D4',902998,156,-93,1714097382.812
b'2023081808726A041A9012D4',902999,141,-93,1714097382.853
b'2023081808726A041A901374',902999,130,-91,1714097382.858
b'2023081808726A041A9012D4',902998,139,-92,1714097382.881
b'2023081808726A041A901374',902998,129,-93,1714097382.885
b'2023081808726A041A901374',902999,125,-92,1714097382.916
b'2023081808726A041A9012D4',902999,124,-92,1714097382.921
b'2023081808726A041A901374',902998,121,-92,1714097382.96
b'2023081808726A041A9012D4',902998,122,-93,1714097382.969
b'2023081808726A041A901374',902999,130,-92,1714097383.004
b'2023081808726A041A901374',902998,123,-92,1714097383.044
b'2023081808726A041A9012D4',902999,46,-94,1714097383.649
b'2023081808726A041A9012D4',902998,43,-92,1714097383.687
b'2023081808726A041A9012D4',902999,31,-92,1714097383.722
b'2023081808726A041A9012D4',902998,27,-92,1714097383.759
b'2023081808726A041A9012D4',902999,22,-92,1714097383.795
b'2023081808726A041A9012D4',902998,16,-93,1714097383.831
b'2023081808726A041A9012D4',902999,13,-92,1714097383.867
b'2023081808726A041A9012D4',902998,13,-92,1714097383.904
b'2023081808726A041A9012D4',902999,3,-92,1714097383.942
b'2023081808726A041A9012D4',902998,0,-92,1714097383.977
b'2023081808726A041A9012D4',902999,161,-91,1714097384.013
b'2023081808726A041A9012D4',902998,158,-91,1714097384.05
b'2023081808726A041A9012D4',902999,155,-92,1714097384.085
b'2023081808726A041A9012D4',902998,155,-92,1714097384.123
b'2023081808726A041A9012D4',902999,157,-90,1714097384.146
b'2023081808726A041A9012D4',902998,155,-91,1714097384.18
b'2023081808726A041A9012D4',902999,159,-90,1714097384.217
b'2023081808726A041A9012D4',902998,158,-91,1714097384.253
b'2023081808726A041A9012D4',902999,162,-91,1714097384.289
b'2023081808726A041A9012D4',902998,0,-90,1714097384.325
b'2023081808726A041A9012D4',902999,5,-90,1714097384.362
b'2023081808726A041A9012D4',902998,7,-91,1714097384.4
b'2023081808726A041A9012D4',902999,11,-92,1714097384.435
b'2023081808726A041A9012D4',902998,11,-91,1714097384.472
b'2023081808726A041A9012D4',902999,19,-90,1714097384.508
b'2023081808726A041A9012D4',902998,22,-91,1714097384.544
b'2023081808726A041A9012D4',902999,23,-91,1714097384.581
b'2023081808726A041A9012D4',902998,32,-92,1714097384.616
b'2023081808726A041A9012D4',902999,25,-93,1714097384.638
b'2023081808726A041A9012D4',902998,36,-91,1714097384.677
b'2023081808726A041A9012D4',902999,39,-92,1714097384.713
b'2023081808726A041A9012D4',902998,44,-92,1714097384.748
b'2023081808726A041A9012D4',902999,44,-92,1714097384.785
b'2023081808726A041A9012D4',902998,52,-90,1714097384.821
b'2023081808726A041A9012D4',902999,53,-91,1714097384.857
b'2023081808726A041A9012D4',902998,58,-91,1714097384.894
b'2023081808726A041A9012D4',902999,63,-92,1714097384.93
b'2023081808726A041A9012D4',902998,60,-91,1714097384.966
b'2023081808726A041A9012D4',902999,65,-91,1714097385.004
b'2023081808726A041A9012D4',902998,68,-91,1714097385.041
b'2023081808726A041A9012D4',902999,70,-91,1714097385.077
b'2023081808726A041A9012D4',902998,78,-93,1714097385.114
b'2023081808726A041A9012D4',902999,82,-90,1714097385.151
b'2023081808726A041A9012D4',902998,85,-90,1714097385.187
b'2023081808726A041A9012D4',902999,80,-91,1714097385.223
b'2023081808726A041A9012D4',902998,92,-92,1714097385.258
b'2023081808726A041A9012D4',902999,96,-92,1714097385.295
b'2023081808726A041A9012D4',902998,104,-91,1714097385.331
b'2023081808726A041A9012D4',902999,105,-91,1714097385.367
b'2023081808726A041A9012D4',902998,100,-91,1714097385.407
b'2023081808726A041A9012D4',902999,112,-92,1714097385.444
b'2023081808726A041A9012D4',902998,115,-91,1714097385.481
b'2023081808726A041A9012D4',902999,116,-90,1714097385.516
b'2023081808726A041A9012D4',902998,118,-90,1714097385.552
b'2023081808726A041A9012D4',902999,111,-92,1714097385.589
b'2023081808726A041A9012D4',902998,113,-91,1714097385.625
b'2023081808726A041A9012D4',902999,119,-89,1714097385.663
b'2023081808726A041A9012D4',902998,122,-91,1714097385.698
b'2023081808726A041A9012D4',902999,125,-90,1714097385.735
b'2023081808726A041A9012D4',902998,133,-90,1714097385.77
b'2023081808726A041A9012D4',902999,135,-89,1714097385.807
b'2023081808726A041A9012D4',902998,140,-90,1714097385.843
b'2023081808726A041A9012D4',902999,142,-91,1714097385.879
b'2023081808726A041A9012D4',902998,151,-90,1714097385.916
b'2023081808726A041A9012D4',902999,152,-90,1714097385.953
b'2023081808726A041A9012D4',902998,162,-91,1714097385.989
b'2023081808726A041A9012D4',902999,3,-90,1714097386.025
b'2023081808726A041A9012D4',902998,12,-90,1714097386.06
b'2023081808726A041A9012D4',902999,17,-89,1714097386.098
b'2023081808726A041A9012D4',902998,26,-90,1714097386.133
b'2023081808726A041A9012D4',902999,23,-89,1714097386.171
b'2023081808726A041A9012D4',902998,39,-89,1714097386.208
b'2023081808726A041A9012D4',902999,43,-89,1714097386.245
b'2023081808726A041A9012D4',902998,52,-90,1714097386.281
b'2023081808726A041A9012D4',902999,48,-90,1714097386.317
b'2023081808726A041A9012D4',902998,63,-90,1714097386.352
b'2023081808726A041A9012D4',902999,62,-90,1714097386.39
b'2023081808726A041A9012D4',902998,68,-89,1714097386.43
b'2023081808726A041A9012D4',902999,77,-89,1714097386.466
b'2023081808726A041A9012D4',902998,85,-89,1714097386.501
b'2023081808726A041A9012D4',902999,91,-89,1714097386.538
b'2023081808726A041A9012D4',902998,100,-90,1714097386.574
b'2023081808726A041A9012D4',902999,109,-89,1714097386.609
b'2023081808726A041A9012D4',902998,115,-88,1714097386.646
b'2023081808726A041A9012D4',902999,117,-89,1714097386.684
b'2023081808726A041A9012D4',902998,123,-90,1714097386.721
b'2023081808726A041A9012D4',902999,130,-89,1714097386.755
b'2023081808726A041A9012D4',902998,140,-88,1714097386.791
b'2023081808726A041A9012D4',902999,149,-89,1714097386.83
b'2023081808726A041A9012D4',902998,157,-90,1714097386.864
b'2023081808726A041A9012D4',902999,4,-89,1714097386.901
b'2023081808726A041A9012D4',902998,9,-89,1714097386.953
b'2023081808726A041A9012D4',902999,15,-88,1714097386.989
b'2023081808726A041A9012D4',902998,26,-89,1714097387.025
b'2023081808726A041A9012D4',902999,31,-88,1714097387.062
b'2023081808726A041A9012D4',902998,41,-90,1714097387.097
b'2023081808726A041A9012D4',902999,49,-89,1714097387.133
b'2023081808726A041A9012D4',902998,57,-89,1714097387.169
b'2023081808726A041A9012D4',902999,65,-88,1714097387.197
b'2023081808726A041A9012D4',902998,73,-89,1714097387.232
b'2023081808726A041A9012D4',902999,85,-91,1714097387.267
b'2023081808726A041A9012D4',902998,95,-90,1714097387.305
b'2023081808726A041A9012D4',902999,105,-91,1714097387.342
b'2023081808726A041A9012D4',902998,109,-89,1714097387.378
b'2023081808726A041A9012D4',902999,117,-89,1714097387.414
b'2023081808726A041A9012D4',902998,124,-90,1714097387.449
b'2023081808726A041A9012D4',902999,135,-90,1714097387.485
b'2023081808726A041A9012D4',902998,147,-89,1714097387.521
b'2023081808726A041A9012D4',902999,166,-91,1714097387.558
b'2023081808726A041A9012D4',902998,3,-92,1714097387.594
b'2023081808726A041A9012D4',902999,14,-91,1714097387.63
b'2023081808726A041A9012D4',902998,16,-91,1714097387.666
b'2023081808726A041A9012D4',902999,26,-92,1714097387.688
b'2023081808726A041A9012D4',902998,39,-92,1714097387.723
b'2023081808726A041A9012D4',902999,43,-93,1714097387.76
b'2023081808726A041A9012D4',902998,59,-92,1714097387.795
b'2023081808726A041A9012D4',902999,66,-92,1714097387.831
b'2023081808726A041A9012D4',902998,89,-93,1714097387.868
b'2023081808726A041A9012D4',902999,87,-93,1714097387.906
b'2023081808726A041A9012D4',902998,103,-90,1714097387.944
b'2023081808726A041A9012D4',902999,120,-92,1714097387.98
b'2023081808726A041A9012D4',902998,114,-94,1714097388.016
b'2023081808726A041A9012D4',902999,127,-91,1714097388.053
b'2023081808726A041A9012D4',902998,126,-92,1714097388.09
b'2023081808726A041A9012D4',902999,138,-95,1714097388.126
b'2023081808726A041A90131E',902999,104,-92,1714097389.245
b'2023081808726A041A90131E',902998,91,-92,1714097389.282
b'2023081808726A041A90131E',902999,84,-92,1714097389.318
b'2023081808726A041A90131E',902998,78,-93,1714097389.353
b'2023081808726A041A90131E',902999,72,-92,1714097389.391
b'2023081808726A041A90131E',902998,67,-92,1714097389.426
b'2023081808726A041A90131E',902999,59,-92,1714097389.463
b'2023081808726A041A90131E',902998,61,-90,1714097389.485
b'2023081808726A041A90131E',902999,51,-91,1714097389.523
b'2023081808726A041A90131E',902998,44,-90,1714097389.558
b'2023081808726A041A90131E',902999,43,-90,1714097389.594
b'2023081808726A041A90131E',902998,36,-92,1714097389.629
b'2023081808726A041A90131E',902999,25,-90,1714097389.666
b'2023081808726A041A90131E',902998,20,-91,1714097389.702
b'2023081808726A041A90131E',902999,16,-90,1714097389.726
b'2023081808726A041A90131E',902998,13,-90,1714097389.76
b'2023081808726A041A90131E',902999,3,-90,1714097389.797
b'2023081808726A041A90131E',902998,158,-90,1714097389.834
b'2023081808726A041A90131E',902999,152,-90,1714097389.868
b'2023081808726A041A90131E',902998,146,-91,1714097389.907
b'2023081808726A041A90131E',902999,144,-90,1714097389.943
b'2023081808726A041A90131E',902998,133,-89,1714097389.981
b'2023081808726A041A90131E',902999,131,-90,1714097390.018
b'2023081808726A041A90131E',902998,131,-89,1714097390.055
b'2023081808726A041A90131E',902999,126,-90,1714097390.09
b'2023081808726A041A90131E',902998,119,-89,1714097390.128
b'2023081808726A041A90131E',902999,120,-89,1714097390.163
b'2023081808726A041A90131E',902998,117,-89,1714097390.2
b'2023081808726A041A90131E',902999,113,-89,1714097390.236
b'2023081808726A041A90131E',902998,107,-89,1714097390.272
b'2023081808726A041A90131E',902999,103,-89,1714097390.31
b'2023081808726A041A90131E',902998,100,-89,1714097390.345
b'2023081808726A041A90131E',902999,99,-88,1714097390.38
b'2023081808726A041A90131E',902998,93,-88,1714097390.416
b'2023081808726A041A90131E',902999,94,-89,1714097390.454
b'2023081808726A041A90131E',902998,89,-90,1714097390.491
b'2023081808726A041A90131E',902999,88,-89,1714097390.527
b'2023081808726A041A90131E',902998,87,-90,1714097390.565
b'2023081808726A041A90131E',902999,91,-89,1714097390.599
b'2023081808726A041A90131E',902998,90,-91,1714097390.636
b'2023081808726A041A90131E',902999,87,-89,1714097390.672
b'2023081808726A041A90131E',902998,89,-89,1714097390.71
b'2023081808726A041A90131E',902999,89,-90,1714097390.747
b'2023081808726A041A90131E',902998,91,-90,1714097390.785
b'2023081808726A041A90131E',902999,86,-90,1714097390.82
b'2023081808726A041A90131E',902998,89,-91,1714097390.857
b'2023081808726A041A90131E',902999,92,-90,1714097390.892
b'2023081808726A041A90131E',902998,91,-90,1714097390.928
b'2023081808726A041A90131E',902999,87,-91,1714097390.964
b'2023081808726A041A90131E',902998,92,-91,1714097391.001
b'2023081808726A041A90131E',902999,93,-91,1714097391.04
b'2023081808726A041A90131E',902998,95,-91,1714097391.076
b'2023081808726A041A90131E',902999,89,-90,1714097391.111
b'2023081808726A041A90131E',902998,92,-90,1714097391.148
b'2023081808726A041A90131E',902999,96,-91,1714097391.184
b'2023081808726A041A90131E',902998,88,-92,1714097391.22
b'2023081808726A041A90131E',902999,91,-90,1714097391.262
b'2023081808726A041A90131E',902998,91,-91,1714097391.298
b'2023081808726A041A90131E',902999,90,-90,1714097391.335
b'2023081808726A041A90131E',902998,95,-90,1714097391.37
b'2023081808726A041A90131E',902999,89,-90,1714097391.407
b'2023081808726A041A90131E',902998,93,-90,1714097391.443
b'2023081808726A041A90131E',902999,87,-91,1714097391.48
b'2023081808726A041A90131E',902998,90,-92,1714097391.513
b'2023081808726A041A90131E',902999,85,-90,1714097391.549
b'2023081808726A041A90131E',902998,86,-91,1714097391.586
b'2023081808726A041A90131E',902999,86,-90,1714097391.623
b'2023081808726A041A90131E',902998,83,-90,1714097391.658
b'2023081808726A041A90131E',902999,85,-91,1714097391.694
b'2023081808726A041A90131E',902998,87,-90,1714097391.73
b'2023081808726A041A90131E',902999,84,-90,1714097391.769
b'2023081808726A041A90131E',902998,91,-91,1714097391.806
b'2023081808726A041A90131E',902999,91,-90,1714097391.842
b'2023081808726A041A90131E',902998,87,-90,1714097391.878
b'2023081808726A041A90131E',902999,90,-90,1714097391.914
b'2023081808726A041A90131E',902998,90,-92,1714097391.95
b'2023081808726A041A90131E',902999,91,-91,1714097391.985
b'2023081808726A041A90131E',902998,91,-90,1714097392.036
b'2023081808726A041A90131E',902999,94,-90,1714097392.075
b'2023081808726A041A90131E',902998,94,-90,1714097392.11
b'2023081808726A041A90131E',902999,98,-90,1714097392.146
b'2023081808726A041A90131E',902998,94,-91,1714097392.182
b'2023081808726A041A90131E',902999,96,-92,1714097392.218
b'2023081808726A041A90131E',902998,98,-89,1714097392.255
b'2023081808726A041A90131E',902999,102,-91,1714097392.291
b'2023081808726A041A90131E',902998,98,-90,1714097392.328
b'2023081808726A041A90131E',902999,98,-91,1714097392.366
b'2023081808726A041A90131E',902998,97,-92,1714097392.401
b'2023081808726A041A90131E',902999,98,-90,1714097392.438
b'2023081808726A041A90131E',902998,95,-90,1714097392.475
b'2023081808726A041A90131E',902999,101,-89,1714097392.51
b'2023081808726A041A90131E',902998,101,-90,1714097392.532
b'2023081808726A041A90131E',902999,98,-90,1714097392.567
b'2023081808726A041A90131E',902998,103,-90,1714097392.603
b'2023081808726A041A90131E',902999,100,-91,1714097392.64
b'2023081808726A041A90131E',902998,104,-92,1714097392.676
b'2023081808726A041A90131E',902999,102,-91,1714097392.712
b'2023081808726A041A90131E',902998,102,-90,1714097392.748
b'2023081808726A041A90131E',902999,99,-91,1714097392.787
b'2023081808726A041A90131E',902998,100,-90,1714097392.824
b'2023081808726A041A90131E',902999,105,-90,1714097392.861
b'2023081808726A041A90131E',902998,103,-90,1714097392.896
b'2023081808726A041A90131E',902999,101,-90,1714097392.933
b'2023081808726A041A90131E',902998,105,-92,1714097392.968
b'2023081808726A041A90131E',902999,103,-91,1714097393.005
b'2023081808726A041A90131E',902998,97,-91,1714097393.027
b'2023081808726A041A90131E',902999,99,-91,1714097393.064
b'2023081808726A041A90131E',902998,97,-90,1714097393.099
b'2023081808726A041A90131E',902999,96,-91,1714097393.137
b'2023081808726A041A90131E',902998,98,-90,1714097393.173
b'2023081808726A041A90131E',902999,99,-90,1714097393.209
b'2023081808726A041A90131E',902998,93,-90,1714097393.245
b'2023081808726A041A90131E',902999,97,-89,1714097393.284
b'2023081808726A041A90131E',902998,91,-92,1714097393.319
b'2023081808726A041A90131E',902999,93,-90,1714097393.357
b'2023081808726A041A90131E',902998,93,-90,1714097393.393
b'2023081808726A041A90131E',902999,92,-90,1714097393.428
b'2023081808726A041A90131E',902998,91,-90,1714097393.465
b'2023081808726A041A90131E',902999,90,-90,1714097393.501
b'2023081808726A041A90131E',902998,93,-90,1714097393.538
b'2023081808726A041A90131E',902999,91,-89,1714097393.574
b'2023081808726A041A90131E',902998,92,-89,1714097393.611
b'2023081808726A041A90131E',902999,93,-90,1714097393.647
b'2023081808726A041A90131E',902998,91,-89,1714097393.684
b'2023081808726A041A90131E',902999,94,-89,1714097393.72
b'2023081808726A041A90131E',902998,93,-91,1714097393.756
b'2023081808726A041A90131E',902999,93,-88,1714097393.793
b'2023081808726A041A90131E',902998,92,-89,1714097393.829
b'2023081808726A041A90131E',902999,90,-89,1714097393.867
b'2023081808726A041A90131E',902998,98,-89,1714097393.902
b'2023081808726A041A90131E',902999,93,-90,1714097393.939
b'2023081808726A041A90131E',902998,97,-90,1714097393.974
b'2023081808726A041A90131E',902999,95,-90,1714097394.012
b'2023081808726A041A90131E',902998,98,-90,1714097394.05
b'2023081808726A041A90131E',902999,95,-89,1714097394.086
b'2023081808726A041A90131E',902998,94,-89,1714097394.121
b'2023081808726A041A90131E',902999,97,-92,1714097394.158
b'2023081808726A041A90131E',902998,96,-91,1714097394.193
b'2023081808726A041A90131E',902999,97,-89,1714097394.229
b'2023081808726A041A90131E',902998,95,-89,1714097394.267
b'2023081808726A041A90131E',902999,94,-90,1714097394.304
b'2023081808726A041A90131E',902998,92,-91,1714097394.341
b'2023081808726A041A90131E',902999,94,-90,1714097394.377
b'2023081808726A041A90131E',902998,97,-90,1714097394.412
b'2023081808726A041A90131E',902999,95,-89,1714097394.45
b'2023081808726A041A90131E',902998,95,-89,1714097394.485
b'2023081808726A041A90131E',902999,95,-90,1714097394.521
b'2023081808726A041A90131E',902998,94,-90,1714097394.559
b'2023081808726A041A90131E',902999,91,-90,1714097394.598
b'2023081808726A041A90131E',902998,90,-90,1714097394.634
b'2023081808726A041A90131E',902999,91,-88,1714097394.67
b'2023081808726A041A90131E',902998,91,-90,1714097394.706
b'2023081808726A041A90131E',902999,92,-89,1714097394.742
b'2023081808726A041A90131E',902998,88,-89,1714097394.78
b'2023081808726A041A90131E',902999,92,-88,1714097394.816
b'2023081808726A041A90131E',902998,91,-89,1714097394.852
b'2023081808726A041A90131E',902999,92,-88,1714097394.888
b'2023081808726A041A90131E',902998,94,-88,1714097394.925
b'2023081808726A041A90131E',902999,96,-89,1714097394.961
b'2023081808726A041A90131E',902998,94,-90,1714097394.996
b'2023081808726A041A90131E',902999,96,-88,1714097395.033
b'2023081808726A041A90131E',902998,96,-89,1714097395.071
b'2023081808726A041A90131E',902999,96,-88,1714097395.107
b'2023081808726A041A90131E',902998,99,-88,1714097395.144
b'2023081808726A041A90131E',902999,103,-89,1714097395.18
b'2023081808726A041A90131E',902998,101,-89,1714097395.216
b'2023081808726A041A90131E',902999,100,-88,1714097395.253
b'2023081808726A041A90131E',902998,104,-90,1714097395.288
b'2023081808726A041A90131E',902999,106,-89,1714097395.341
b'2023081808726A041A90131E',902998,103,-89,1714097395.379
b'2023081808726A041A90131E',902999,108,-89,1714097395.415
b'2023081808726A041A90131E',902998,112,-89,1714097395.451
b'2023081808726A041A90131E',902999,114,-88,1714097395.487
b'2023081808726A041A90131E',902998,114,-89,1714097395.522
b'2023081808726A041A90131E',902999,115,-89,1714097395.559
b'2023081808726A041A90131E',902998,119,-89,1714097395.594
b'2023081808726A041A90131E',902999,121,-89,1714097395.631
b'2023081808726A041A90131E',902998,122,-89,1714097395.668
b'2023081808726A041A90131E',902999,128,-89,1714097395.704
b'2023081808726A041A90131E',902998,125,-89,1714097395.739
b'2023081808726A041A90131E',902999,132,-89,1714097395.777
b'2023081808726A041A90131E',902998,131,-88,1714097395.813
b'2023081808726A041A90131E',902999,131,-90,1714097395.85
b'2023081808726A041A90131E',902998,136,-91,1714097395.884
b'2023081808726A041A90131E',902999,139,-91,1714097395.92
b'2023081808726A041A90131E',902998,142,-90,1714097395.959
b'2023081808726A041A90131E',902999,148,-90,1714097395.995
b'2023081808726A041A90131E',902998,153,-90,1714097396.031
b'2023081808726A041A90131E',902999,154,-91,1714097396.067
b'2023081808726A041A90131E',902998,156,-91,1714097396.104
b'2023081808726A041A90131E',902999,1,-90,1714097396.14
b'2023081808726A041A90131E',902998,3,-89,1714097396.176
b'2023081808726A041A90131E',902999,7,-90,1714097396.212
b'2023081808726A041A90131E',902998,11,-91,1714097396.25
b'2023081808726A041A90131E',902999,15,-90,1714097396.285
b'2023081808726A041A90131E',902998,21,-90,1714097396.323
b'2023081808726A041A90131E',902999,19,-90,1714097396.356
b'2023081808726A041A90131E',902998,13,-91,1714097396.391
b'2023081808726A041A90131E',902999,19,-92,1714097396.43
b'2023081808726A041A90131E',902998,18,-91,1714097396.465
b'2023081808726A041A90131E',902999,19,-90,1714097396.501
b'2023081808726A041A90131E',902998,20,-90,1714097396.539
b'2023081808726A041A90131E',902999,24,-92,1714097396.575
b'2023081808726A041A90131E',902998,31,-90,1714097396.597
b'2023081808726A041A90131E',902999,25,-91,1714097396.634
b'2023081808726A041A90131E',902998,26,-90,1714097396.67
b'2023081808726A041A90131E',902999,26,-90,1714097396.705
b'2023081808726A041A90131E',902998,27,-91,1714097396.742
b'2023081808726A041A90131E',902999,22,-91,1714097396.779
b'2023081808726A041A90131E',902998,23,-90,1714097396.816
b'2023081808726A041A90131E',902999,30,-91,1714097396.853
b'2023081808726A041A90131E',902998,31,-90,1714097396.888
b'2023081808726A041A90131E',902999,26,-91,1714097396.924
b'2023081808726A041A90131E',902998,29,-91,1714097396.96
b'2023081808726A041A90131E',902999,27,-92,1714097396.996
b'2023081808726A041A90131E',902998,30,-92,1714097397.034
b'2023081808726A041A90131E',902999,32,-91,1714097397.069
b'2023081808726A041A90131E',902998,35,-91,1714097397.107
b'2023081808726A041A90131E',902999,35,-92,1714097397.145
b'2023081808726A041A90131E',902998,37,-92,1714097397.179
b'2023081808726A041A90131E',902999,45,-90,1714097397.216
b'2023081808726A041A90131E',902998,42,-92,1714097397.254
b'2023081808726A041A90131E',902999,43,-92,1714097397.289
b'2023081808726A041A90131E',902998,37,-92,1714097397.325
b'2023081808726A041A90131E',902999,51,-91,1714097397.349
b'2023081808726A041A90131E',902998,54,-92,1714097397.384
b'2023081808726A041A90131E',902999,57,-90,1714097397.42
b'2023081808726A041A90131E',902998,60,-92,1714097397.457
b'2023081808726A041A90131E',902999,71,-92,1714097397.494
b'2023081808726A041A90131E',902998,67,-92,1714097397.529
b'2023081808726A041A90131E',902999,75,-92,1714097397.565
b'2023081808726A041A90131E',902998,75,-91,1714097397.601
b'2023081808726A041A90131E',902999,91,-94,1714097397.638
b'2023081808726A041A90131E',902998,97,-92,1714097397.675
b'2023081808726A041A9012D4',902999,94,-93,1714097399.19
b'2023081808726A041A9012D4',902998,93,-95,1714097399.216
b'2023081808726A041A9012D4',902999,88,-94,1714097399.253
b'2023081808726A041A9012D4',902998,76,-92,1714097399.29
b'2023081808726A041A9012D4',902999,61,-92,1714097399.325
b'2023081808726A041A9012D4',902998,52,-93,1714097399.362
b'2023081808726A041A9012D4',902999,42,-92,1714097399.39
b'2023081808726A041A9012D4',902998,29,-92,1714097399.425
b'2023081808726A041A9012D4',902999,21,-91,1714097399.463
b'2023081808726A041A9012D4',902998,20,-92,1714097399.498
b'2023081808726A041A9012D4',902999,13,-91,1714097399.534
b'2023081808726A041A9012D4',902998,161,-91,1714097399.579
b'2023081808726A041A9012D4',902999,161,-92,1714097399.612
b'2023081808726A041A9012D4',902998,152,-92,1714097399.629
b'2023081808726A041A9012D4',902999,152,-91,1714097399.667
b'2023081808726A041A9012D4',902998,136,-91,1714097399.703
b'2023081808726A041A9012D4',902999,142,-90,1714097399.738
b'2023081808726A041A9012D4',902998,124,-92,1714097399.774
b'2023081808726A041A9012D4',902999,129,-90,1714097399.812
b'2023081808726A041A9012D4',902998,122,-90,1714097399.849
b'2023081808726A041A9012D4',902999,117,-89,1714097399.885
b'2023081808726A041A9012D4',902998,114,-90,1714097399.921
b'2023081808726A041A9012D4',902999,107,-92,1714097399.958
b'2023081808726A041A9012D4',902998,111,-90,1714097399.995
b'2023081808726A041A9012D4',902999,96,-90,1714097400.032
b'2023081808726A041A9012D4',902998,98,-89,1714097400.068
b'2023081808726A041A9012D4',902999,94,-92,1714097400.105
b'2023081808726A041A9012D4',902998,81,-91,1714097400.143
b'2023081808726A041A9012D4',902999,87,-91,1714097400.178
b'2023081808726A041A9012D4',902998,72,-91,1714097400.213
b'2023081808726A041A9012D4',902999,78,-91,1714097400.25
b'2023081808726A041A9012D4',902998,66,-91,1714097400.286
b'2023081808726A041A9012D4',902999,64,-90,1714097400.324
b'2023081808726A041A9012D4',902998,59,-91,1714097400.359
b'2023081808726A041A9012D4',902999,57,-91,1714097400.4
b'2023081808726A041A9012D4',902998,51,-91,1714097400.438
b'2023081808726A041A9012D4',902999,50,-89,1714097400.474
b'2023081808726A041A9012D4',902998,41,-90,1714097400.509
b'2023081808726A041A9012D4',902999,34,-91,1714097400.546
b'2023081808726A041A9012D4',902998,28,-90,1714097400.582
b'2023081808726A041A9012D4',902999,25,-90,1714097400.618
b'2023081808726A041A9012D4',902998,19,-91,1714097400.655
b'000000E50017050000E0020000008034002023081808726A041A9012D433FBF6200000000000000000000000000000000000000000000000000000000000',0,0,0,1714097401.639
b'2023081808726A041A9012D4',902999,22,-91,1714097401.64
b'2023081808726A041A9012D4',902998,13,-92,1714097401.641
b'2023081808726A041A9012D4',902999,17,-93,1714097401.642
b'2023081808726A041A9012D4',902998,14,-92,1714097401.643
b'2023081808726A041A9012D4',902999,14,-92,1714097401.644
b'2023081808726A041A9012D4',902998,17,-93,1714097401.645
b'2023081808726A041A9012D4',902999,15,-91,1714097401.646
b'2023081808726A041A9012D4',902998,2,-93,1714097401.687
b'2023081808726A041A9012D4',902999,4,-92,1714097401.723
b'2023081808726A041A9012D4',902998,11,-92,1714097401.759
b'2023081808726A041A9012D4',902999,4,-92,1714097401.795
b'2023081808726A041A9012D4',902998,8,-93,1714097401.832
b'2023081808726A041A9012D4',902999,8,-92,1714097401.868
b'2023081808726A041A9012D4',902998,5,-92,1714097401.903
b'2023081808726A041A9012D4',902999,21,-91,1714097401.942
b'2023081808726A041A9012D4',902998,12,-94,1714097401.978
b'2023081808726A041A9012D4',902999,8,-93,1714097402.016
b'2023081808726A041A9012D4',902998,17,-91,1714097402.053
b'2023081808726A041A9012D4',902999,20,-93,1714097402.089
b'2023081808726A041A9012D4',902998,13,-94,1714097402.124
b'2023081808726A041A9012D4',902999,2,-93,1714097402.16
b'2023081808726A041A9012D4',902998,16,-93,1714097402.196
b'2023081808726A041A9012D4',902999,5,-93,1714097402.234
b'2023081808726A041A9012D4',902998,179,-92,1714097402.27
b'2023081808726A041A9012D4',902999,9,-94,1714097402.308
b'2023081808726A041A9012D4',902998,8,-94,1714097402.345
b'2023081808726A041A9012D4',902999,6,-93,1714097402.38
b'2023081808726A041A9012D4',902998,5,-94,1714097402.415
b'2023081808726A041A9012D4',902999,5,-94,1714097402.454
b'2023081808726A041A9012D4',902998,1,-92,1714097402.489
b'2023081808726A041A9012D4',902999,161,-93,1714097402.526
b'2023081808726A041A9012D4',902998,152,-93,1714097402.562
b'2023081808726A041A9012D4',902999,169,-92,1714097402.598
b'2023081808726A041A9012D4',902998,155,-93,1714097402.635
b'2023081808726A041A9012D4',902999,146,-94,1714097402.67
b'2023081808726A041A9012D4',902998,151,-92,1714097402.709
b'2023081808726A041A9012D4',902999,149,-94,1714097402.746
b'2023081808726A041A9012D4',902998,132,-94,1714097402.78
b'2023081808726A041A9012D4',902999,144,-94,1714097402.817
b'2023081808726A041A9012D4',902998,130,-92,1714097402.854
b'2023081808726A041A9012D4',902999,138,-93,1714097402.889
b'2023081808726A041A9012D4',902998,124,-93,1714097402.926
b'2023081808726A041A9012D4',902999,123,-91,1714097402.978
b'2023081808726A041A9012D4',902998,122,-92,1714097403.014
b'2023081808726A041A9012D4',902999,119,-92,1714097403.052
b'2023081808726A041A9012D4',902998,110,-91,1714097403.087
b'2023081808726A041A9012D4',902999,113,-92,1714097403.123
b'2023081808726A041A9012D4',902998,106,-91,1714097403.161
b'2023081808726A041A9012D4',902999,107,-92,1714097403.197
b'2023081808726A041A9012D4',902998,105,-91,1714097403.218
b'2023081808726A041A9012D4',902999,98,-92,1714097403.254
b'2023081808726A041A9012D4',902998,99,-92,1714097403.291
b'2023081808726A041A9012D4',902999,94,-91,1714097403.328
b'2023081808726A041A9012D4',902998,90,-90,1714097403.363
b'2023081808726A041A9012D4',902999,84,-92,1714097403.4
b'2023081808726A041A9012D4',902998,88,-93,1714097403.436
b'2023081808726A041A9012D4',902999,90,-91,1714097403.487
b'2023081808726A041A9012D4',902998,89,-93,1714097403.523
b'2023081808726A041A9012D4',902999,89,-91,1714097403.561
b'2023081808726A041A9012D4',902998,91,-91,1714097403.595
b'2023081808726A041A9012D4',902999,88,-92,1714097403.633
b'2023081808726A041A9012D4',902998,78,-91,1714097403.669
b'2023081808726A041A9012D4',902999,83,-90,1714097403.705
b'2023081808726A041A9012D4',902998,92,-91,1714097403.727
b'2023081808726A041A9012D4',902999,89,-92,1714097403.764
b'2023081808726A041A9012D4',902998,85,-91,1714097403.798
b'2023081808726A041A9012D4',902999,84,-94,1714097403.837
b'2023081808726A041A9012D4',902998,86,-90,1714097403.871
b'2023081808726A041A9012D4',902999,96,-94,1714097403.908
b'2023081808726A041A9012D4',902998,106,-92,1714097403.945
b'2023081808726A041A9012D4',902999,105,-92,1714097403.995
b'2023081808726A041A9012D4',902998,107,-93,1714097404.033
b'2023081808726A041A9012D4',902999,118,-91,1714097404.07
b'2023081808726A041A9012D4',902998,112,-92,1714097404.113
b'2023081808726A041A9012D4',902999,138,-93,1714097404.145
b'2023081808726A041A9012D4',902998,134,-95,1714097404.182
b'2023081808726A041A9012D4',902999,2,-95,1714097405.564
b'2023081808726A041A9012D4',902998,5,-95,1714097405.6
b'2023081808726A041A9012D4',902999,3,-94,1714097405.637
b'2023081808726A041A9012D4',902998,12,-93,1714097405.673
b'2023081808726A041A9012D4',902999,14,-95,1714097405.71
b'2023081808726A041A9012D4',902998,24,-92,1714097405.746
b'2023081808726A041A9012D4',902999,29,-93,1714097405.783
b'2023081808726A041A9012D4',902998,35,-91,1714097405.822
b'2023081808726A041A9012D4',902999,36,-92,1714097405.856
b'2023081808726A041A9012D4',902998,42,-91,1714097405.894
b'2023081808726A041A9012D4',902999,48,-92,1714097405.931
b'2023081808726A041A9012D4',902998,55,-91,1714097405.968
b'2023081808726A041A9012D4',902999,66,-91,1714097406.004
b'2023081808726A041A9012D4',902998,72,-92,1714097406.006
b'2023081808726A041A9012D4',902999,67,-91,1714097406.043
b'2023081808726A041A9012D4',902998,84,-92,1714097406.08
b'2023081808726A041A9012D4',902999,94,-90,1714097406.114
b'2023081808726A041A9012D4',902998,103,-91,1714097406.152
b'2023081808726A041A9012D4',902999,106,-90,1714097406.187
b'2023081808726A041A9012D4',902998,115,-90,1714097406.223
b'2023081808726A041A9012D4',902999,124,-90,1714097406.262
b'2023081808726A041A9012D4',902998,144,-90,1714097406.298
b'2023081808726A041A9012D4',902999,147,-91,1714097406.333
b'2023081808726A041A9012D4',902998,151,-90,1714097406.37
b'2023081808726A041A9012D4',902999,4,-92,1714097406.407
b'2023081808726A041A9012D4',902998,14,-92,1714097406.443
b'2023081808726A041A9012D4',902999,12,-91,1714097406.478
b'2023081808726A041A9012D4',902998,27,-90,1714097406.516
b'2023081808726A041A9012D4',902999,35,-91,1714097406.552
b'2023081808726A041A9012D4',902998,31,-92,1714097406.59
b'2023081808726A041A9012D4',902999,38,-91,1714097406.627
b'2023081808726A041A9012D4',902998,48,-90,1714097406.661
b'2023081808726A041A9012D4',902999,60,-91,1714097406.698
b'2023081808726A041A9012D4',902998,70,-91,1714097406.736
b'2023081808726A041A9012D4',902999,72,-92,1714097406.773
b'2023081808726A041A9012D4',902998,74,-91,1714097406.809
b'2023081808726A041A9012D4',902999,90,-92,1714097406.844
b'2023081808726A041A9012D4',902998,85,-91,1714097406.882
b'2023081808726A041A9012D4',902999,102,-90,1714097406.917
b'2023081808726A041A9012D4',902998,104,-92,1714097406.954
b'2023081808726A041A9012D4',902999,104,-90,1714097406.99
b'2023081808726A041A9012D4',902998,115,-91,1714097407.026
b'2023081808726A041A9012D4',902999,116,-92,1714097407.064
b'2023081808726A041A9012D4',902998,127,-91,1714097407.099
b'2023081808726A041A9012D4',902999,129,-92,1714097407.135
b'2023081808726A041A9012D4',902998,131,-91,1714097407.172
b'2023081808726A041A9012D4',902999,138,-93,1714097407.208
b'2023081808726A041A9012D4',902998,145,-92,1714097407.243
b'2023081808726A041A9012D4',902999,156,-92,1714097407.282
b'2023081808726A041A9012D4',902998,156,-92,1714097407.319
b'2023081808726A041A9012D4',902999,159,-95,1714097407.357
b'2023081808726A041A9012D4',902998,7,-92,1714097407.392
b'2023081808726A041A9012D4',902999,11,-92,1714097407.429
b'2023081808726A041A9012D4',902998,13,-92,1714097407.463
b'2023081808726A041A9012D4',902999,25,-92,1714097407.499
b'2023081808726A041A9012D4',902998,31,-92,1714097407.537
b'2023081808726A041A9012D4',902999,42,-93,1714097407.574
b'2023081808726A041A9012D4',902998,47,-94,1714097407.61
b'2023081808726A041A9012D4',902999,55,-93,1714097407.648
b'2023081808726A041A9012D4',902998,67,-93,1714097407.683
b'2023081808726A041A9012D4',902999,67,-92,1714097407.719
b'2023081808726A041A9012D4',902998,84,-93,1714097407.756
b'2023081808726A041A9012D4',902999,85,-91,1714097407.797
b'2023081808726A041A9012D4',902998,102,-93,1714097407.834
b'2023081808726A041A9012D4',902999,109,-93,1714097407.871
b'2023081808726A041A901374',902998,21,-94,1714097408.814
b'2023081808726A041A901374',902999,12,-92,1714097408.837
b'2023081808726A041A901374',902998,13,-92,1714097408.872
b'2023081808726A041A901374',902999,20,-91,1714097408.91
b'2023081808726A041A901374',902998,16,-92,1714097408.946
b'2023081808726A041A901374',902999,16,-91,1714097408.983
b'2023081808726A041A901374',902998,12,-91,1714097409.019
b'2023081808726A041A901374',902999,12,-90,1714097409.055
b'2023081808726A041A901374',902998,9,-91,1714097409.094
b'2023081808726A041A901374',902999,12,-90,1714097409.13
b'2023081808726A041A901374',902998,8,-90,1714097409.165
b'2023081808726A041A901374',902999,14,-90,1714097409.202
b'2023081808726A041A901374',902998,10,-88,1714097409.239
b'2023081808726A041A901374',902999,19,-90,1714097409.275
b'2023081808726A041A901374',902998,11,-88,1714097409.311
b'2023081808726A041A901374',902999,13,-89,1714097409.348
b'2023081808726A041A901374',902998,16,-89,1714097409.385
b'2023081808726A041A901374',902999,26,-90,1714097409.422
b'2023081808726A041A901374',902998,19,-88,1714097409.456
b'2023081808726A041A901374',902999,21,-90,1714097409.493
b'2023081808726A041A901374',902998,31,-89,1714097409.53
b'2023081808726A041A901374',902999,26,-90,1714097409.568
b'2023081808726A041A901374',902998,37,-89,1714097409.605
b'2023081808726A041A901374',902999,26,-89,1714097409.639
b'2023081808726A041A901374',902998,41,-89,1714097409.678
b'2023081808726A041A901374',902999,39,-89,1714097409.712
b'2023081808726A041A901374',902998,36,-89,1714097409.748
b'2023081808726A041A901374',902999,43,-89,1714097409.786
b'2023081808726A041A901374',902998,46,-89,1714097409.824
b'2023081808726A041A901374',902999,51,-88,1714097409.861
b'2023081808726A041A901374',902998,56,-90,1714097409.897
b'2023081808726A041A901374',902999,60,-88,1714097409.934
b'2023081808726A041A901374',902998,63,-89,1714097409.969
b'2023081808726A041A901374',902999,70,-88,1714097410.005
b'2023081808726A041A901374',902998,71,-89,1714097410.043
b'2023081808726A041A901374',902999,78,-90,1714097410.08
b'2023081808726A041A901374',902998,79,-90,1714097410.114
b'2023081808726A041A901374',902999,84,-90,1714097410.151
b'2023081808726A041A901374',902998,89,-89,1714097410.188
b'2023081808726A041A901374',902999,96,-91,1714097410.222
b'2023081808726A041A901374',902998,98,-91,1714097410.259
b'2023081808726A041A901374',902999,105,-90,1714097410.296
b'2023081808726A041A901374',902998,103,-89,1714097410.333
b'2023081808726A041A901374',902999,109,-91,1714097410.371
b'2023081808726A041A901374',902998,111,-90,1714097410.407
b'2023081808726A041A901374',902999,123,-91,1714097410.443
b'2023081808726A041A901374',902998,121,-91,1714097410.479
b'2023081808726A041A901374',902999,125,-92,1714097410.517
b'2023081808726A041A901374',902998,131,-91,1714097410.553
b'2023081808726A041A901374',902999,137,-92,1714097410.603
b'2023081808726A041A901374',902998,136,-92,1714097410.639
b'2023081808726A041A901374',902999,146,-91,1714097410.677
b'2023081808726A041A901374',902998,146,-93,1714097410.713
b'2023081808726A041A901374',902999,153,-92,1714097410.749
b'2023081808726A041A901374',902998,159,-93,1714097410.786
b'2023081808726A041A901374',902999,161,-90,1714097410.823
b'2023081808726A041A901374',902998,162,-94,1714097410.843
b'2023081808726A041A901338',902999,69,-92,1714097414.41
b'2023081808726A041A901338',902998,74,-93,1714097414.442
b'2023081808726A041A901338',902999,78,-92,1714097414.477
b'2023081808726A041A901338',902998,82,-90,1714097414.515
b'2023081808726A041A901338',902999,78,-92,1714097414.551
b'2023081808726A041A901338',902998,89,-90,1714097414.586
b'2023081808726A041A901338',902999,94,-90,1714097414.627
b'2023081808726A041A901338',902998,99,-91,1714097414.666
b'2023081808726A041A901338',902999,98,-90,1714097414.7
b'2023081808726A041A901338',902998,103,-90,1714097414.736
b'2023081808726A041A901338',902999,117,-90,1714097414.773
b'2023081808726A041A901338',902998,114,-90,1714097414.809
b'2023081808726A041A901338',902999,122,-90,1714097414.845
b'2023081808726A041A901338',902998,127,-90,1714097414.882
b'2023081808726A041A901338',902999,128,-89,1714097414.919
b'2023081808726A041A901338',902998,135,-91,1714097414.957
b'2023081808726A041A901338',902999,141,-90,1714097414.991
b'2023081808726A041A901338',902998,143,-92,1714097415.028
b'2023081808726A041A901338',902999,153,-91,1714097415.066
b'2023081808726A041A901338',902998,159,-91,1714097415.102
b'2023081808726A041A901338',902999,3,-91,1714097415.141
b'2023081808726A041A901338',902998,11,-92,1714097415.177
b'2023081808726A041A901338',902999,12,-91,1714097415.212
b'2023081808726A041A901338',902998,14,-90,1714097415.248
b'2023081808726A041A901338',902999,26,-92,1714097415.284
b'2023081808726A041A901338',902998,26,-90,1714097415.321
b'2023081808726A041A901338',902999,21,-91,1714097415.357
b'2023081808726A041A901338',902998,37,-92,1714097415.393
b'2023081808726A041A901338',902999,39,-89,1714097415.431
b'2023081808726A041A901338',902998,34,-90,1714097415.467
b'2023081808726A041A901338',902999,38,-91,1714097415.504
b'2023081808726A041A901338',902998,52,-91,1714097415.539
b'2023081808726A041A901338',902999,49,-90,1714097415.576
b'2023081808726A041A901338',902998,60,-91,1714097415.613
b'2023081808726A041A901338',902999,60,-90,1714097415.652
b'2023081808726A041A901338',902998,70,-91,1714097415.688
b'2023081808726A041A901338',902999,69,-91,1714097415.725
b'2023081808726A041A901338',902998,74,-91,1714097415.761
b'2023081808726A041A901338',902999,85,-90,1714097415.797
b'2023081808726A041A901338',902998,91,-90,1714097415.832
b'2023081808726A041A901338',902999,98,-92,1714097415.868
b'2023081808726A041A901338',902998,101,-90,1714097415.906
b'2023081808726A041A901338',902999,106,-92,1714097415.944
b'2023081808726A041A901338',902998,112,-92,1714097415.98
b'2023081808726A041A901338',902999,111,-91,1714097416.014
b'2023081808726A041A901338',902998,127,-90,1714097416.051
b'2023081808726A041A901338',902999,125,-93,1714097416.088
b'2023081808726A041A901338',902998,135,-92,1714097416.123
b'2023081808726A041A901338',902999,135,-92,1714097416.177
b'2023081808726A041A901338',902998,146,-91,1714097416.212
b'2023081808726A041A901338',902999,152,-91,1714097416.25
b'2023081808726A041A901338',902998,161,-91,1714097416.285
b'2023081808726A041A901338',902999,159,-91,1714097416.322
b'2023081808726A041A901338',902998,5,-90,1714097416.358
b'2023081808726A041A901338',902999,13,-91,1714097416.393
b'2023081808726A041A901338',902998,15,-92,1714097416.432
b'2023081808726A041A901338',902999,23,-93,1714097416.468
b'2023081808726A041A901338',902998,24,-93,1714097416.504
b'2023081808726A041A9012F5',902999,27,-86,1714097497.943
b'2023081808726A041A9012F5',902998,22,-85,1714097497.979
b'2023081808726A041A9012F5',902999,30,-86,1714097498.015
b'2023081808726A041A904C0E',902999,8,-86,1714097498.029
b'2023081808726A041A904C0E',902998,18,-85,1714097498.059
b'2023081808726A041A9012F5',902998,57,-86,1714097498.068
b'2023081808726A041A9012E5',902998,44,-86,1714097498.073
b'2023081808726A041A904C0E',902999,23,-83,1714097498.109
b'2023081808726A041A9012F5',902999,74,-85,1714097498.113
b'2023081808726A041A90131D',902999,103,-88,1714097498.121
b'2023081808726A041A9012F5',902998,83,-84,1714097498.13
b'2023081808726A041A904C0E',902998,27,-84,1714097498.141
b'2023081808726A041A9012F5',902999,81,-82,1714097498.178
b'2023081808726A041A904C0E',902999,25,-85,1714097498.186
b'2023081808726A041A904C0E',902998,13,-86,1714097498.221
b'2023081808726A041A9012F5',902998,73,-81,1714097498.226
b'2023081808726A041A904BFA',902998,122,-88,1714097498.239
b'2023081808726A041A904BFA',902999,112,-87,1714097498.269
b'2023081808726A041A904C0E',902999,143,-85,1714097498.274
b'2023081808726A041A9012F5',902999,49,-80,1714097498.278
b'2023081808726A041A904BFA',902998,94,-85,1714097498.318
b'2023081808726A041A904C0E',902998,112,-84,1714097498.322
b'2023081808726A041A9012F5',902998,26,-79,1714097498.326
b'2023081808726A041A9012F5',902999,15,-78,1714097498.357
b'2023081808726A041A904BFA',902999,72,-85,1714097498.364
b'2023081808726A041A904C0E',902999,74,-83,1714097498.369
b'2023081808726A041A904BFA',902998,62,-85,1714097498.41
b'2023081808726A041A904C0E',902998,51,-83,1714097498.415
b'2023081808726A041A9012F5',902998,159,-78,1714097498.419
b'2023081808726A041A9012F5',902999,141,-77,1714097498.454
b'2023081808726A041A904BFA',902999,31,-84,1714097498.459
b'2023081808726A041A904C0E',902999,8,-82,1714097498.465
b'2023081808726A041A904BFA',902998,7,-83,1714097498.503
b'2023081808726A041A9012F5',902998,99,-77,1714097498.507
b'2023081808726A041A904C0E',902998,113,-82,1714097498.514
b'2023081808726A041A9012F5',902999,69,-76,1714097498.55
b'2023081808726A041A904BFA',902999,126,-83,1714097498.554
b'2023081808726A041A904C0E',902999,79,-82,1714097498.558
b'2023081808726A041A9012E6',902999,112,-87,1714097498.584
b'2023081808726A041A904C6B',902999,7,-91,1714097498.593
b'2023081808726A041A9012F5',902998,35,-76,1714097498.609
b'2023081808726A041A904BFA',902998,92,-82,1714097498.613
b'2023081808726A041A904C0E',902998,31,-83,1714097498.618
b'2023081808726A041A904C6B',902998,147,-91,1714097498.625
b'2023081808726A041A9012E6',902998,53,-86,1714097498.63
b'2023081808726A041A9012E5',902998,80,-88,1714097498.638
b'2023081808726A041A9012E6',902999,19,-86,1714097498.639
b'2023081808726A041A904C0E',902999,11,-81,1714097498.643
b'2023081808726A041A9012F5',902999,10,-76,1714097498.647
b'2023081808726A041A9012E5',902999,43,-85,1714097498.651
b'2023081808726A041A904BFA',902999,66,-84,1714097498.658
b'2023081808726A041A904C6B',902999,114,-90,1714097498.662
b'2023081808726A041A904BF6',902999,118,-86,1714097498.669
b'2023081808726A041A90131D',902999,108,-85,1714097498.7
b'2023081808726A041A9012F5',902998,145,-76,1714097498.72
b'2023081808726A041A904BFA',902998,23,-82,1714097498.732
b'2023081808726A041A904BF6',902998,95,-84,1714097498.745
b'2023081808726A041A9012E5',902998,155,-82,1714097498.749
b'2023081808726A041A90131D',902998,86,-84,1714097498.756
b'2023081808726A041A904C0E',902998,101,-82,1714097498.76
b'2023081808726A041A904C6B',902998,68,-88,1714097498.764
b'2023081808726A041A9012E6',902998,80,-84,1714097498.768
b'2023081808726A041A9012F5',902999,145,-76,1714097498.798
b'2023081808726A041A90131D',902999,86,-80,1714097498.804
b'2023081808726A041A9012E5',902999,5,-81,1714097498.808
b'2023081808726A041A904BFA',902999,27,-83,1714097498.816
b'2023081808726A041A9012E6',902999,54,-81,1714097498.82
b'2023081808726A041A904BF6',902999,30,-79,1714097498.828
b'2023081808726A041A904C6B',902999,78,-89,1714097498.832
b'2023081808726A041A904C0E',902999,108,-81,1714097498.839
b'2023081808726A041A9012F5',902998,147,-76,1714097498.875
b'2023081808726A041A90131D',902998,130,-80,1714097498.879
b'2023081808726A041A904C0E',902998,104,-80,1714097498.883
b'2023081808726A041A904BF6',902998,4,-79,1714097498.887
b'2023081808726A041A904C0E',902999,98,-80,1714097498.932
b'2023081808726A041A9012E6',902999,31,-81,1714097498.943
b'2023081808726A041A9012F5',902999,135,-77,1714097498.948
b'2023081808726A041A90131D',902999,94,-79,1714097498.953
b'2023081808726A041A904C6B',902999,65,-88,1714097498.958
b'2023081808726A041A9012E5',902999,100,-85,1714097498.965
b'2023081808726A041A904BF6',902999,161,-78,1714097498.973
b'2023081808726A041A904BFA',902999,36,-85,1714097498.982
b'2023081808726A041A9012F5',902998,134,-79,1714097499.018
b'2023081808726A041A9012E5',902998,115,-85,1714097499.026
b'2023081808726A041A904BFA',902998,31,-84,1714097499.031
b'2023081808726A041A904C6B',902998,30,-88,1714097499.035
b'2023081808726A041A9012E6',902998,155,-81,1714097499.042
b'2023081808726A041A904C0E',902998,73,-79,1714097499.046
b'2023081808726A041A904BF6',902998,129,-79,1714097499.059
b'2023081808726A041A90131D',902998,31,-81,1714097499.063
b'2023081808726A041A904C0E',902999,64,-79,1714097499.097
b'2023081808726A041A9012E6',902999,121,-80,1714097499.112
b'2023081808726A041A9012F5',902999,109,-79,1714097499.12
b'2023081808726A041A90131D',902999,154,-83,1714097499.125
b'2023081808726A041A904BF6',902999,88,-82,1714097499.13
b'2023081808726A041A904C6B',902999,30,-75,1714097499.134
b'2023081808726A041A904BFA',902999,160,-88,1714097499.146
b'2023081808726A041A9012E5',902999,118,-88,1714097499.151
b'2023081808726A041A9012F5',902998,87,-80,1714097499.177
b'2023081808726A041A904C0E',902998,20,-83,1714097499.181
b'2023081808726A041A9012E6',902998,122,-84,1714097499.185
b'2023081808726A041A904C6B',902998,63,-77,1714097499.189
b'2023081808726A041A9012E6',902999,110,-83,1714097499.196
b'2023081808726A041A9012F5',902999,73,-80,1714097499.2
b'2023081808726A041A904C0E',902999,8,-83,1714097499.204
b'2023081808726A041A904C6B',902999,31,-79,1714097499.208
b'2023081808726A041A904BF6',902999,176,-84,1714097499.219
b'2023081808726A041A9012E5',902999,70,-84,1714097499.224
b'2023081808726A041A904BFA',902999,113,-87,1714097499.231
b'2023081808726A041A904C6B',902998,0,-79,1714097499.267
b'2023081808726A041A9012F5',902998,32,-81,1714097499.271
b'2023081808726A041A904C0E',902998,127,-86,1714097499.275
b'2023081808726A041A90131D',902998,44,-85,1714097499.284
b'2023081808726A041A9012E6',902998,86,-82,1714097499.293
b'2023081808726A041A9012E5',902998,29,-84,1714097499.301
b'2023081808726A041A904BF6',902998,139,-83,1714097499.305
b'2023081808726A041A9012F5',902999,1,-80,1714097499.341
b'2023081808726A041A9012E5',902999,12,-86,1714097499.354
b'2023081808726A041A9012E6',902999,48,-81,1714097499.365
b'2023081808726A041A90131D',902999,124,-81,1714097499.372
b'2023081808726A041A904C6B',902999,118,-83,1714097499.376
b'2023081808726A041A904BF6',902999,115,-83,1714097499.38
b'2023081808726A041A904BFA',902999,10,-86,1714097499.389
b'2023081808726A041A904C0E',902999,54,-88,1714097499.397
b'2023081808726A041A9012F5',902998,5,-79,1714097499.422
b'2023081808726A041A90131D',902998,105,-76,1714097499.426
b'2023081808726A041A904BF6',902998,102,-86,1714097499.431
b'2023081808726A041A904C6B',902998,65,-85,1714097499.437
b'2023081808726A041A9012F5',902999,11,-79,1714097499.458
b'2023081808726A041A9012E6',902999,153,-84,1714097499.462
b'2023081808726A041A90131D',902999,91,-74,1714097499.466
b'2023081808726A041A904BFA',902999,21,-82,1714097499.475
b'2023081808726A041A904C6B',902999,35,-84,1714097499.486
b'2023081808726A041A904C0E',902999,18,-82,1714097499.493
b'2023081808726A041A9012E5',902999,20,-87,1714097499.515
b'2023081808726A041A904C0E',902998,12,-81,1714097499.537
b'2023081808726A041A90131D',902998,106,-73,1714097499.542
b'2023081808726A041A9012F5',902998,19,-83,1714097499.546
b'2023081808726A041A904BFA',902998,12,-82,1714097499.55
b'2023081808726A041A904C6B',902998,11,-80,1714097499.556
b'2023081808726A041A9012E6',902998,69,-83,1714097499.56
b'2023081808726A041A9012E5',902998,160,-84,1714097499.564
b'2023081808726A041A904BFA',902999,18,-82,1714097499.599
b'2023081808726A041A90131D',902999,130,-73,1714097499.603
b'2023081808726A041A904C0E',902999,5,-81,1714097499.609
b'2023081808726A041A904C6B',902999,5,-81,1714097499.616
b'2023081808726A041A9012E6',902999,65,-83,1714097499.621
b'2023081808726A041A9012E5',902999,141,-85,1714097499.629
b'2023081808726A041A9012F5',902999,8,-83,1714097499.633
b'2023081808726A041A9012F5',902998,7,-83,1714097499.668
b'2023081808726A041A90131D',902998,131,-72,1714097499.674
b'2023081808726A041A904BFA',902998,11,-84,1714097499.682
b'2023081808726A041A904C0E',902998,14,-85,1714097499.686
b'2023081808726A041A9012E5',902998,91,-86,1714097499.694
b'2023081808726A041A904C6B',902998,36,-86,1714097499.698
b'2023081808726A041A904BF6',902999,71,-88,1714097499.699
b'2023081808726A041A90131D',902999,139,-73,1714097499.7
b'2023081808726A041A904BFA',902999,15,-86,1714097499.706
b'2023081808726A041A904C0E',902999,22,-86,1714097499.711
b'2023081808726A041A904C6B',902999,42,-84,1714097499.719
b'2023081808726A041A9012F5',902999,14,-83,1714097499.723
b'2023081808726A041A904C0E',902998,29,-86,1714097499.758
b'2023081808726A041A9012F5',902998,25,-83,1714097499.762
b'2023081808726A041A90131D',902998,152,-75,1714097499.766
b'2023081808726A041A904C6B',902998,36,-85,1714097499.774
b'2023081808726A041A904BFA',902998,23,-86,1714097499.778
b'2023081808726A041A904BF6',902998,41,-88,1714097499.786
b'2023081808726A041A904C6B',902999,26,-85,1714097499.821
b'2023081808726A041A9012F5',902999,61,-84,1714097499.825
b'2023081808726A041A90131D',902999,9,-75,1714097499.829
b'2023081808726A041A904BFA',902999,37,-85,1714097499.838
b'2023081808726A041A904C0E',902999,37,-86,1714097499.843
b'2023081808726A041A9012E5',902999,81,-86,1714097499.869
b'2023081808726A041A90131D',902998,13,-75,1714097499.885
b'2023081808726A041A9012F5',902998,79,-83,1714097499.89
b'2023081808726A041A904BFA',902998,46,-86,1714097499.898
b'2023081808726A041A9012E5',902998,72,-85,1714097499.902
b'2023081808726A041A904C0E',902998,29,-88,1714097499.907
b'2023081808726A041A9012F5',902998,79,-82,1714097499.966
b'2023081808726A041A90131D',902998,9,-76,1714097499.971
b'2023081808726A041A9012E5',902998,51,-84,1714097499.981
b'2023081808726A041A9012F5',902998,76,-82,1714097499.985
b'2023081808726A041A904BFA',902998,30,-86,1714097499.993
b'2023081808726A041A9012E5',902999,36,-85,1714097500.028
b'2023081808726A041A9012F5',902999,67,-82,1714097500.032
b'2023081808726A041A904BFA',902999,31,-86,1714097500.036
b'2023081808726A041A90131D',902999,157,-78,1714097500.04
b'2023081808726A041A904BFA',902998,15,-86,1714097500.075
b'2023081808726A041A90131D',902998,152,-78,1714097500.084
b'2023081808726A041A9012F5',902998,57,-82,1714097500.094
b'2023081808726A041A9012F5',902999,57,-82,1714097500.129
b'2023081808726A041A90131D',902999,148,-79,1714097500.133
b'2023081808726A041A904BFA',902999,16,-86,1714097500.142
b'2023081808726A041A904BFA',902998,16,-87,1714097500.177
b'2023081808726A041A90131D',902998,150,-80,1714097500.181
b'2023081808726A041A9012F5',902998,61,-82,1714097500.19
b'2023081808726A041A9012F5',902999,60,-82,1714097500.191
b'2023081808726A041A90131D',902999,152,-80,1714097500.192
b'2023081808726A041A904BFA',902999,22,-88,1714097500.197
b'2023081808726A041A90131D',902998,154,-80,1714097500.233
b'2023081808726A041A904BFA',902998,24,-88,1714097500.237
b'2023081808726A041A9012F5',902998,63,-82,1714097500.245
b'2023081808726A041A9012F5',902999,62,-82,1714097500.28
b'2023081808726A041A90131D',902999,161,-80,1714097500.286
b'2023081808726A041A904BFA',902999,23,-88,1714097500.292
b'2023081808726A041A90131D',902998,160,-80,1714097500.329
b'2023081808726A041A9012F5',902998,63,-82,1714097500.333
b'2023081808726A041A904BFA',902998,25,-87,1714097500.337
b'2023081808726A041A9012F5',902999,62,-82,1714097500.371
b'2023081808726A041A90131D',902999,151,-80,1714097500.376
b'2023081808726A041A904BFA',902999,22,-87,1714097500.385
b'2023081808726A041A90131D',902998,158,-80,1714097500.42
b'2023081808726A041A9012F5',902998,62,-82,1714097500.425
b'2023081808726A041A90131D',902999,148,-80,1714097500.465
b'2023081808726A041A9012F5',902999,60,-83,1714097500.476
b'2023081808726A041A9012F5',902998,55,-83,1714097500.518
b'2023081808726A041A90131D',902998,146,-80,1714097500.522
b'2023081808726A041A90131D',902999,154,-81,1714097500.554
b'2023081808726A041A9012F5',902999,51,-83,1714097500.558
b'2023081808726A041A90131D',902998,143,-82,1714097500.593
b'2023081808726A041A9012F5',902998,46,-84,1714097500.598
b'2023081808726A041A90131D',902999,150,-81,1714097500.633
b'2023081808726A041A9012F5',902999,44,-83,1714097500.641
b'2023081808726A041A90131D',902998,151,-82,1714097500.678
b'2023081808726A041A9012F5',902998,44,-83,1714097500.682
b'2023081808726A041A9012F5',902999,45,-83,1714097500.692
b'2023081808726A041A90131D',902999,157,-80,1714097500.698
b'2023081808726A041A9012E5',902999,146,-86,1714097500.72
b'2023081808726A041A90131D',902998,155,-79,1714097500.737
b'2023081808726A041A9012E5',902998,149,-86,1714097500.741
b'2023081808726A041A9012F5',902998,45,-83,1714097500.746
b'2023081808726A041A904BFA',902998,12,-87,1714097500.755
b'2023081808726A041A9012F5',902999,48,-83,1714097500.789
b'2023081808726A041A904BFA',902999,20,-87,1714097500.794
b'2023081808726A041A90131D',902999,2,-77,1714097500.798
b'2023081808726A041A904C0E',902999,13,-88,1714097500.805
b'2023081808726A041A904C6B',902999,3,-88,1714097500.813
b'2023081808726A041A904BF6',902999,159,-88,1714097500.839
b'2023081808726A041A904BFA',902998,43,-87,1714097500.856
b'2023081808726A041A9012F5',902998,64,-83,1714097500.861
b'2023081808726A041A90131D',902998,3,-76,1714097500.87
b'2023081808726A041A904C0E',902998,47,-87,1714097500.88
b'2023081808726A041A904BF6',902998,19,-87,1714097500.887
b'2023081808726A041A904C6B',902998,38,-84,1714097500.891
b'2023081808726A041A901339',902998,149,-91,1714097500.896
b'2023081808726A041A904BF6',902999,42,-86,1714097500.93
b'2023081808726A041A90131D',902999,20,-77,1714097500.934
b'2023081808726A041A901339',902999,93,-88,1714097500.938
b'2023081808726A041A904C6B',902998,71,-83,1714097500.986
b'2023081808726A041A9012F5',902998,121,-85,1714097500.99
b'2023081808726A041A904BF6',902998,52,-85,1714097500.994
b'2023081808726A041A90131D',902998,43,-77,1714097500.998
b'2023081808726A041A901339',902998,59,-90,1714097501.006
b'2023081808726A041A904C0E',902998,106,-87,1714097501.01
b'2023081808726A041A9012E6',902998,159,-86,1714097501.016
b'2023081808726A041A904C0E',902999,149,-88,1714097501.052
b'2023081808726A041A90131D',902999,103,-75,1714097501.058
b'2023081808726A041A9012E6',902999,18,-81,1714097501.064
b'2023081808726A041A904C6B',902999,123,-85,1714097501.068
b'2023081808726A041A904BF6',902999,90,-87,1714097501.073
b'2023081808726A041A901339',902999,12,-90,1714097501.081
b'2023081808726A041A90131D',902998,152,-74,1714097501.115
b'2023081808726A041A9012E6',902998,53,-82,1714097501.121
b'2023081808726A041A901339',902998,54,-90,1714097501.127
b'2023081808726A041A904BF6',902998,155,-88,1714097501.131
b'2023081808726A041A904C6B',902998,45,-87,1714097501.136
b'2023081808726A041A90131D',902999,35,-75,1714097501.173
b'2023081808726A041A904BF6',902999,11,-88,1714097501.183
b'2023081808726A041A904C6B',902999,90,-85,1714097501.189
b'2023081808726A041A9012E6',902999,104,-82,1714097501.194
b'2023081808726A041A9012E6',902998,116,-82,1714097501.23
b'2023081808726A041A904C6B',902998,106,-85,1714097501.234
b'2023081808726A041A90131D',902998,129,-78,1714097501.238
b'2023081808726A041A904C6B',902999,103,-86,1714097501.254
b'2023081808726A041A9012E6',902999,131,-81,1714097501.258
b'2023081808726A041A90131D',902999,158,-79,1714097501.262
b'2023081808726A041A9012F5',902999,92,-85,1714097501.27
b'2023081808726A041A90131D',902998,26,-81,1714097501.306
b'2023081808726A041A9012E6',902998,155,-84,1714097501.311
b'2023081808726A041A9012F5',902998,115,-84,1714097501.317
b'2023081808726A041A9012F5',902999,143,-83,1714097501.353
b'2023081808726A041A90131D',902999,43,-83,1714097501.358
b'2023081808726A041A90131D',902998,55,-84,1714097501.393
b'2023081808726A041A9012F5',902998,161,-84,1714097501.399
b'2023081808726A041A90131D',902999,68,-85,1714097501.434
b'2023081808726A041A9012F5',902999,10,-85,1714097501.439
b'2023081808726A041A9012F5',902998,18,-86,1714097501.473
b'2023081808726A041A90131D',902998,90,-86,1714097501.478
b'2023081808726A041A9012F5',902999,26,-85,1714097501.479
b'2023081808726A041A90131D',902999,108,-87,1714097501.48
b'2023081808726A041A90131D',902998,139,-88,1714097501.516
b'2023081808726A041A90131D',902999,15,-92,1714097501.561
b'2023081808726A041A901339',902999,138,-85,1714097501.567
b'2023081808726A041A901339',902998,14,-85,1714097501.597
b'2023081808726A041A901339',902999,25,-87,1714097501.629
b'2023081808726A041A901339',902998,27,-88,1714097501.668
b'2023081808726A041A9012E6',902999,127,-86,1714097521.56
b'2023081808726A041A9012E6',902998,101,-86,1714097521.578
b'2023081808726A041A9012E6',902999,47,-87,1714097521.614
b'2023081808726A041A9012E5',902999,115,-88,1714097521.932
b'2023081808726A041A9012E5',902998,89,-86,1714097521.967
b'2023081808726A041A9012E5',902999,44,-85,1714097522.005
b'2023081808726A041A9012E5',902998,24,-84,1714097522.04
b'2023081808726A041A9012E5',902999,3,-86,1714097522.076
b'2023081808726A041A9012E5',902998,158,-88,1714097522.112
b'2023081808726A041A9012E5',902999,146,-85,1714097522.15
b'2023081808726A041A901339',902999,116,-84,1714097522.177
b'2023081808726A041A9012E5',902998,134,-85,1714097522.194
b'2023081808726A041A9012E5',902999,130,-86,1714097522.237
b'2023081808726A041A9012E5',902998,123,-87,1714097522.275
b'2023081808726A041A904BFA',902998,57,-87,1714097522.409
b'2023081808726A041A904C6B',902998,96,-87,1714097522.413
b'2023081808726A041A904C6B',902999,102,-86,1714097522.435
b'2023081808726A041A904BFA',902999,63,-86,1714097522.44
b'2023081808726A041A904C0E',902999,160,-88,1714097522.448
b'2023081808726A041A9012E5',902999,75,-88,1714097522.452
b'2023081808726A041A9012E5',902999,91,-86,1714097522.502
b'2023081808726A041A9012E5',902999,106,-87,1714097522.506
b'2023081808726A041A904C6B',902999,134,-86,1714097522.511
b'2023081808726A041A90131D',902999,18,-87,1714097522.518
b'2023081808726A041A90131D',902998,43,-87,1714097522.555
b'2023081808726A041A9012E5',902998,131,-87,1714097522.559
b'2023081808726A041A90131D',902999,76,-88,1714097522.594
b'2023081808726A041A9012E5',902999,155,-87,1714097522.6
b'2023081808726A041A90131D',902998,101,-88,1714097522.635
